<?xml version="1.0" encoding="UTF-8"?>
<project xmlns="http://maven.apache.org/POM/4.0.0" xmlns:xsi="http://www.w3.org/2001/XMLSchema-instance" xsi:schemaLocation="http://maven.apache.org/POM/4.0.0 http://maven.apache.org/maven-v4_0_0.xsd">
  <modelVersion>4.0.0</modelVersion>
  <groupId>com.aaomidi</groupId>
  <artifactId>FTPServer</artifactId>
  <version>1.0</version>
  <build>
    <sourceDirectory>${basedir}/src/main/java</sourceDirectory>
    <outputDirectory>target/classes</outputDirectory>
    <defaultGoal>clean package</defaultGoal>
    <resources>
      <resource>
        <filtering>true</filtering>
        <directory>${basedir}/src/ftpServer/resources</directory>
        <includes>
          <include>*.yml</include>
        </includes>
      </resource>
    </resources>
    <directory>target</directory>
    <finalName>${project.artifactId}</finalName>
    <plugins>
      <plugin>
        <artifactId>maven-compiler-plugin</artifactId>
        <version>3.1</version>
        <configuration>
          <source>1.8</source>
          <target>1.8</target>
        </configuration>
      </plugin>
      <plugin>
        <artifactId>maven-jar-plugin</artifactId>
        <version>2.4</version>
        <configuration>
          <archive>
            <manifest>
              <addClasspath>true</addClasspath>
              <mainClass>com.aaomidi.ftpserver.Main</mainClass>
            </manifest>
          </archive>
          <outputDirectory>jar/</outputDirectory>
        </configuration>
      </plugin>
      <plugin>
        <artifactId>maven-shade-plugin</artifactId>
        <version>2.1</version>
        <executions>
          <execution>
            <phase>package</phase>
            <goals>
              <goal>shade</goal>
            </goals>
          </execution>
        </executions>
        <configuration />
      </plugin>
    </plugins>
  </build>
  <dependencies>
    <dependency>
      <groupId>org.projectlombok</groupId>
      <artifactId>lombok</artifactId>
      <version>1.16.6</version>
      <scope>provided</scope>
    </dependency>
  </dependencies>
  <properties>
    <project.build.sourceEncoding>UTF-8</project.build.sourceEncoding>
  </properties>
</project>

